<Ui xmlns="http://www.blizzard.com/wow/ui/" xmlns:xsi="http://www.w3.org/2001/XMLSchema-instance" xsi:schemaLocation="http://www.blizzard.com/wow/ui/
C:\Projects\WoW\Bin\Interface\FrameXML\UI.xsd">
	<Script file="localization.lua"/>
	<Script file="localization.ge.lua"/>
	<Script file="localization.fr.lua"/>
	<Script file="CT_Master.lua"/>
	<Script file="CT_ModRegister.lua"/>
	<Frame name="CT_Master_GlobalFrame" parent="WorldFrame">
		<Scripts>
			<OnLoad>
				this:RegisterEvent("VARIABLES_LOADED");
				this:RegisterEvent("UNIT_NAME_UPDATE");
				this:RegisterEvent("SPELLS_CHANGED");
				CT_GetPlayerSpells();
			</OnLoad>
			<OnEvent>
				CT_Master_OnEvent(event);
			</OnEvent>
		</Scripts>
	</Frame>
	<Frame name="CTFramerate" hidden="true" parent="WorldFrame">
		<Anchors>
			<Anchor point="TOPLEFT" relativePoint="TOPLEFT"/>
		</Anchors>
		<Size>
			<AbsDimension x="100" y="50"/>
		</Size>
		<Layers>
			<Layer level="ARTWORK">
				<FontString name="$parentLabel" hidden="false" inherits="SystemFont" text="FRAMERATE_LABEL">
					<Anchors>
						<Anchor point="TOPLEFT"/>
					</Anchors>
				</FontString>
				<FontString name="$parentText" hidden="false" inherits="SystemFont">
					<Anchors>
						<Anchor point="LEFT" relativeTo="$parentLabel" relativePoint="RIGHT"/>
					</Anchors>
				</FontString>
			</Layer>
		</Layers>
		<Scripts>
			<OnLoad>
				this.fpsTime = 0;
			</OnLoad>
			<OnUpdate>
				CT_Master_GlobalFrame_OnUpdate(arg1);
			</OnUpdate>
		</Scripts>
	</Frame>
</Ui>
