<Bindings>


	


	<Binding name="ASC Healing Touch(Rank 1)" header="NIRKLARSBINDINGS_AUTOSELFCAST">
		NirkAutoSelfCast("Healing Touch(Rank 1)") 
	</Binding>
	<Binding name="ASC Healing Touch(Rank 2)">
		NirkAutoSelfCast("Healing Touch(Rank 2)") 
	</Binding>
	<Binding name="ASC Healing Touch(Rank 2) Nature's Grace proc rank 3">
		NaturesGraceAuto()
	</Binding>
	<Binding name="ASC Healing Touch(Rank 3)">
		NirkAutoSelfCast("Healing Touch(Rank 3)") 
	</Binding>
	<Binding name="ASC Healing Touch(Rank 4)">
		NirkAutoSelfCast("Healing Touch(Rank 4)") 
	</Binding>
	<Binding name="ASC Healing Touch(Rank 5)">
		NirkAutoSelfCast("Healing Touch(Rank 5)") 
	</Binding>
	<Binding name="ASC Healing Touch(Rank 6)">
		NirkAutoSelfCast("Healing Touch(Rank 6)") 
	</Binding>
	<Binding name="ASC Healing Touch(Rank 7)">
		NirkAutoSelfCast("Healing Touch(Rank 7)") 
	</Binding>
	<Binding name="ASC Healing Touch(Rank 8)">
		NirkAutoSelfCast("Healing Touch(Rank 8)") 
	</Binding>
	<Binding name="ASC Healing Touch(Rank 9)">
		NirkAutoSelfCast("Healing Touch(Rank 9)") 
	</Binding>
	<Binding name="ASC Healing Touch(Rank 10)">
		NirkAutoSelfCast("Healing Touch(Rank 10)") 
	</Binding>
	<Binding name="ASC Healing Touch(Rank 11)">
		NirkAutoSelfCast("Healing Touch(Rank 11)") 
	</Binding>
	<Binding name="ASC Rejuvenation(Rank 1)">
		NirkAutoSelfCast("Rejuvenation(Rank 1)") 
	</Binding>
	<Binding name="ASC Rejuvenation(Rank 2)">
		NirkAutoSelfCast("Rejuvenation(Rank 2)") 
	</Binding>
	<Binding name="ASC Rejuvenation(Rank 3)">
		NirkAutoSelfCast("Rejuvenation(Rank 3)") 
	</Binding>
	<Binding name="ASC Rejuvenation(Rank 4)">
		NirkAutoSelfCast("Rejuvenation(Rank 4)") 
	</Binding>
	<Binding name="ASC Rejuvenation(Rank 5)">
		NirkAutoSelfCast("Rejuvenation(Rank 5)") 
	</Binding>
	<Binding name="ASC Rejuvenation(Rank 6)">
		NirkAutoSelfCast("Rejuvenation(Rank 6)") 
	</Binding>
	<Binding name="ASC Rejuvenation(Rank 7)">
		NirkAutoSelfCast("Rejuvenation(Rank 7)") 
	</Binding>
	<Binding name="ASC Rejuvenation(Rank 8)">
		NirkAutoSelfCast("Rejuvenation(Rank 8)") 
	</Binding>
	<Binding name="ASC Rejuvenation(Rank 9)">
		NirkAutoSelfCast("Rejuvenation(Rank 9)") 
	</Binding>	
	<Binding name="ASC Rejuvenation(Rank 10)">
		NirkAutoSelfCast("Rejuvenation(Rank 10)") 
	</Binding>
	<Binding name="ASC Rejuvenation(Rank 11)">
		NirkAutoSelfCast("Rejuvenation(Rank 11)") 
	</Binding>
	<Binding name="ASC Regrowth(Rank 1)">
		NirkAutoSelfCast("Regrowth(Rank 1)") 
	</Binding>
	<Binding name="ASC Regrowth(Rank 2)">
		NirkAutoSelfCast("Regrowth(Rank 2)") 
	</Binding>
	<Binding name="ASC Regrowth(Rank 3)">
		NirkAutoSelfCast("Regrowth(Rank 3)") 
	</Binding>
	<Binding name="ASC Regrowth(Rank 4)">
		NirkAutoSelfCast("Regrowth(Rank 4)") 
	</Binding>
	<Binding name="ASC Regrowth(Rank 5)">
		NirkAutoSelfCast("Regrowth(Rank 5)") 
	</Binding>
	<Binding name="ASC Regrowth(Rank 6)">
		NirkAutoSelfCast("Regrowth(Rank 6)") 
	</Binding>
	<Binding name="ASC Regrowth(Rank 7)">
		NirkAutoSelfCast("Regrowth(Rank 7)") 
	</Binding>
	<Binding name="ASC Regrowth(Rank 8)">
		NirkAutoSelfCast("Regrowth(Rank 8)") 
	</Binding>
	<Binding name="ASC Regrowth(Rank 9)">
		NirkAutoSelfCast("Regrowth(Rank 9)") 
	</Binding>
	<Binding name="ASC Innervate">
		NirkAutoSelfCast("Innervate") 
	</Binding>
	<Binding name="ASC Remove Curse">
		NirkAutoSelfCast("Remove Curse") 
	</Binding>
	<Binding name="ASC Abolish Poison">
		NirkAutoSelfCast("Abolish Poison") 
	</Binding>
	<Binding name="ASC Remove Poison">
		NirkAutoSelfCast("Remove Poison") 
	</Binding>
	<Binding name="ASC Swiftmend">
		NirkAutoSelfCast("Swiftmend") 
	</Binding>
	<Binding name="ASC Gift of The Wild(Rank 1)">
		NirkAutoSelfCast("Gift of The Wild(Rank 1)") 
	</Binding>
	<Binding name="ASC Gift of The Wild(Rank 2)">
		NirkAutoSelfCast("Gift of The Wild(Rank 2)") 
	</Binding>
	<Binding name="ASC Mark of the Wild(Rank 1)">
		NirkAutoSelfCast("Mark of the Wild(Rank 1)") 
	</Binding>
	<Binding name="ASC Mark of the Wild(Rank 2)">
		NirkAutoSelfCast("Mark of the Wild(Rank 2)") 
	</Binding>
	<Binding name="ASC Mark of the Wild(Rank 3)">
		NirkAutoSelfCast("Mark of the Wild(Rank 3)") 
	</Binding>
	<Binding name="ASC Mark of the Wild(Rank 4)">
		NirkAutoSelfCast("Mark of the Wild(Rank 4)") 
	</Binding>
	<Binding name="ASC Mark of the Wild(Rank 5)">
		NirkAutoSelfCast("Mark of the Wild(Rank 5)") 
	</Binding>
	<Binding name="ASC Mark of the Wild(Rank 6)">
		NirkAutoSelfCast("Mark of the Wild(Rank 6)") 
	</Binding>
	<Binding name="ASC Mark of the Wild(Rank 7)">
		NirkAutoSelfCast("Mark of the Wild(Rank 7)") 
	</Binding>
	<Binding name="ASC Thorns(Rank 1)">
		NirkAutoSelfCast("Thorns(Rank 1)") 
	</Binding>
	<Binding name="ASC Thorns(Rank 2)">
		NirkAutoSelfCast("Thorns(Rank 2)") 
	</Binding>
	<Binding name="ASC Thorns(Rank 3)">
		NirkAutoSelfCast("Thorns(Rank 3)") 
	</Binding>
	<Binding name="ASC Thorns(Rank 4)">
		NirkAutoSelfCast("Thorns(Rank 4)") 
	</Binding>
	<Binding name="ASC Thorns(Rank 5)">
		NirkAutoSelfCast("Thorns(Rank 5)") 
	</Binding>
	<Binding name="ASC Thorns(Rank 6)">
		NirkAutoSelfCast("Thorns(Rank 6)") 
	</Binding>
	

	
	<Binding name="Healing Touch(Rank 1)" header="NIRKLARSBINDINGS_MOUSEOVERHEALING">
		NirkMouseoverCast("Healing Touch(Rank 1)") 
	</Binding>
	<Binding name="Healing Touch(Rank 2)">
		NirkMouseoverCast("Healing Touch(Rank 2)") 
	</Binding>
	<Binding name="Healing Touch(Rank 3)">
		NirkMouseoverCast("Healing Touch(Rank 3)") 
	</Binding>
	<Binding name="Healing Touch(Rank 4)">
		NirkMouseoverCast("Healing Touch(Rank 4)") 
	</Binding>
	<Binding name="Healing Touch(Rank 5)">
		NirkMouseoverCast("Healing Touch(Rank 5)") 
	</Binding>
	<Binding name="Healing Touch(Rank 6)">
		NirkMouseoverCast("Healing Touch(Rank 6)") 
	</Binding>
	<Binding name="Healing Touch(Rank 7)">
		NirkMouseoverCast("Healing Touch(Rank 7)") 
	</Binding>
	<Binding name="Healing Touch(Rank 8)">
		NirkMouseoverCast("Healing Touch(Rank 8)") 
	</Binding>
	<Binding name="Healing Touch(Rank 9)">
		NirkMouseoverCast("Healing Touch(Rank 9)") 
	</Binding>
	<Binding name="Healing Touch(Rank 10)">
		NirkMouseoverCast("Healing Touch(Rank 10)") 
	</Binding>
	<Binding name="Healing Touch(Rank 11)">
		NirkMouseoverCast("Healing Touch(Rank 11)") 
	</Binding>
	<Binding name="Rejuvenation(Rank 1)">
		NirkMouseoverCast("Rejuvenation(Rank 1)") 
	</Binding>
	<Binding name="Rejuvenation(Rank 2)">
		NirkMouseoverCast("Rejuvenation(Rank 2)") 
	</Binding>
	<Binding name="Rejuvenation(Rank 3)">
		NirkMouseoverCast("Rejuvenation(Rank 3)") 
	</Binding>
	<Binding name="Rejuvenation(Rank 4)">
		NirkMouseoverCast("Rejuvenation(Rank 4)") 
	</Binding>
	<Binding name="Rejuvenation(Rank 5)">
		NirkMouseoverCast("Rejuvenation(Rank 5)") 
	</Binding>
	<Binding name="Rejuvenation(Rank 6)">
		NirkMouseoverCast("Rejuvenation(Rank 6)") 
	</Binding>
	<Binding name="Rejuvenation(Rank 7)">
		NirkMouseoverCast("Rejuvenation(Rank 7)") 
	</Binding>
	<Binding name="Rejuvenation(Rank 8)">
		NirkMouseoverCast("Rejuvenation(Rank 8)") 
	</Binding>
	<Binding name="Rejuvenation(Rank 9)">
		NirkMouseoverCast("Rejuvenation(Rank 9)") 
	</Binding>	
	<Binding name="Rejuvenation(Rank 10)">
		NirkMouseoverCast("Rejuvenation(Rank 10)") 
	</Binding>
	<Binding name="Rejuvenation(Rank 11)">
		NirkMouseoverCast("Rejuvenation(Rank 11)") 
	</Binding>
	<Binding name="Regrowth(Rank 1)">
		NirkMouseoverCast("Regrowth(Rank 1)") 
	</Binding>
	<Binding name="Regrowth(Rank 2)">
		NirkMouseoverCast("Regrowth(Rank 2)") 
	</Binding>
	<Binding name="Regrowth(Rank 3)">
		NirkMouseoverCast("Regrowth(Rank 3)") 
	</Binding>
	<Binding name="Regrowth(Rank 4)">
		NirkMouseoverCast("Regrowth(Rank 4)") 
	</Binding>
	<Binding name="Regrowth(Rank 5)">
		NirkMouseoverCast("Regrowth(Rank 5)") 
	</Binding>
	<Binding name="Regrowth(Rank 6)">
		NirkMouseoverCast("Regrowth(Rank 6)") 
	</Binding>
	<Binding name="Regrowth(Rank 7)">
		NirkMouseoverCast("Regrowth(Rank 7)") 
	</Binding>
	<Binding name="Regrowth(Rank 8)">
		NirkMouseoverCast("Regrowth(Rank 8)") 
	</Binding>
	<Binding name="Regrowth(Rank 9)">
		NirkMouseoverCast("Regrowth(Rank 9)") 
	</Binding>
	<Binding name="Rebirth(Rank 1)">
		NirkMouseoverCast("Rebirth(Rank 1)") 
	</Binding>
	<Binding name="Rebirth(Rank 2)">
		NirkMouseoverCast("Rebirth(Rank 2)") 
	</Binding>
	<Binding name="Rebirth(Rank 3)">
		NirkMouseoverCast("Rebirth(Rank 3)") 
	</Binding>
	<Binding name="Rebirth(Rank 4)">
		NirkMouseoverCast("Rebirth(Rank 4)") 
	</Binding>
	<Binding name="Rebirth(Rank 5)">
		NirkMouseoverCast("Rebirth(Rank 5)") 
	</Binding>
	<Binding name="Rebirth(Rank 1) (with warning message)">
		NirkMouseoverCastWarning("Rebirth(Rank 1)") 
	</Binding>
	<Binding name="Rebirth(Rank 2) (with warning message)">
		NirkMouseoverCastWarning("Rebirth(Rank 2)") 
	</Binding>
	<Binding name="Rebirth(Rank 3) (with warning message)">
		NirkMouseoverCastWarning("Rebirth(Rank 3)") 
	</Binding>
	<Binding name="Rebirth(Rank 4) (with warning message)">
		NirkMouseoverCastWarning("Rebirth(Rank 4)") 
	</Binding>
	<Binding name="Rebirth(Rank 5) (with warning message)">
		NirkMouseoverCastWarning("Rebirth(Rank 5)") 
	</Binding>	
	
	<Binding name="Innervate">
		NirkMouseoverCast("Innervate") 
	</Binding>
	<Binding name="Innervate (with warning message)">
		NirkMouseoverCastWarning("Innervate") 
	</Binding>
	<Binding name="Remove Curse">
		NirkMouseoverCast("Remove Curse") 
	</Binding>
	<Binding name="Abolish Poison">
		NirkMouseoverCast("Abolish Poison") 
	</Binding>
	<Binding name="Remove Poison">
		NirkMouseoverCast("Remove Poison") 
	</Binding>
	<Binding name="Swiftmend">
		NirkMouseoverCast("Swiftmend") 
	</Binding>
	
	
	<Binding name="Gift of The Wild(Rank 1)" header="NIRKLARSBINDINGS_MOUSEOVERBUFFS">>
		NirkMouseoverCast("Gift of The Wild(Rank 1)") 
	</Binding>
	<Binding name="Gift of The Wild(Rank 2)">
		NirkMouseoverCast("Gift of The Wild(Rank 2)") 
	</Binding>
	<Binding name="Mark of the Wild(Rank 1)">
		NirkMouseoverCast("Mark of the Wild(Rank 1)") 
	</Binding>
	<Binding name="Mark of the Wild(Rank 2)">
		NirkMouseoverCast("Mark of the Wild(Rank 2)") 
	</Binding>
	<Binding name="Mark of the Wild(Rank 3)">
		NirkMouseoverCast("Mark of the Wild(Rank 3)") 
	</Binding>
	<Binding name="Mark of the Wild(Rank 4)">
		NirkMouseoverCast("Mark of the Wild(Rank 4)") 
	</Binding>
	<Binding name="Mark of the Wild(Rank 5)">
		NirkMouseoverCast("Mark of the Wild(Rank 5)") 
	</Binding>
	<Binding name="Mark of the Wild(Rank 6)">
		NirkMouseoverCast("Mark of the Wild(Rank 6)") 
	</Binding>
	<Binding name="Mark of the Wild(Rank 7)">
		NirkMouseoverCast("Mark of the Wild(Rank 7)") 
	</Binding>
	<Binding name="Mark of the Wild(Max Rank)">
		NirkMouseoverMarkOfTheWildMaxRank()
	</Binding>
	<Binding name="Thorns(Rank 1)">
		NirkMouseoverCast("Thorns(Rank 1)") 
	</Binding>
	<Binding name="Thorns(Rank 2)">
		NirkMouseoverCast("Thorns(Rank 2)") 
	</Binding>
	<Binding name="Thorns(Rank 3)">
		NirkMouseoverCast("Thorns(Rank 3)") 
	</Binding>
	<Binding name="Thorns(Rank 4)">
		NirkMouseoverCast("Thorns(Rank 4)") 
	</Binding>
	<Binding name="Thorns(Rank 5)">
		NirkMouseoverCast("Thorns(Rank 5)") 
	</Binding>
	<Binding name="Thorns(Rank 6)">
		NirkMouseoverCast("Thorns(Rank 6)") 
	</Binding>
	<Binding name="Thorns(Max Rank)">
		NirkMouseoverThornsMaxRank()
	</Binding>
	

	<Binding name="Nature's Grasp(Rank 1)" header="NIRKLARSBINDINGS_BUFFS">
		CastSpellByName("Nature's Grasp(Rank 1)")
	</Binding>
	<Binding name="Nature's Grasp(Rank 2)">
		CastSpellByName("Nature's Grasp(Rank 2)")
	</Binding>
	<Binding name="Nature's Grasp(Rank 3)">
		CastSpellByName("Nature's Grasp(Rank 3)")
	</Binding>
	<Binding name="Nature's Grasp(Rank 4)">
		CastSpellByName("Nature's Grasp(Rank 4)")
	</Binding>
	<Binding name="Nature's Grasp(Rank 5)">
		CastSpellByName("Nature's Grasp(Rank 5)")
	</Binding>
	<Binding name="Nature's Grasp(Rank 6)">
		CastSpellByName("Nature's Grasp(Rank 6)")
	</Binding>
	

	<Binding name="Thorns - Buff nearest friendly if unbuffed (spammable)" header="NIRKLARSBINDINGS_SPAMMABLE">
		ThornsSpam()
	</Binding>
	<Binding name="Mark of the Wild - Buff nearest friendly if unbuffed (spammable)">
		MarkOfTheWildSpam()
	</Binding>
	<Binding name="Faerie Fire (feral or regular)">
		FaerieFireAny()
	</Binding>
	<Binding name="Cat Form and Prowl (spammable)">
		DruidCatFormStealth()
	</Binding>
	<Binding name="Bear Form and Charge (spammable)">
		DruidBearFormCharge()
	</Binding>
	<Binding name="Bear Form and Bash (spammable)">
		DruidBearFormBash()
	</Binding>
	<Binding name="Travel Form (spammable)">
		DruidTravelForm()
	</Binding>
	<Binding name="Aquatic Form (spammable)">
		DruidAquaticForm()
	</Binding>
	
	
	
	<Binding name="Nature's Swiftness"  header="NIRKLARSBINDINGS">
		CastSpellByName("Nature's Swiftness") 
	</Binding>
	<Binding name="Cancel form/shapeshifting">
		CancelForm()
	</Binding>
	<Binding name="Enrage (click again to cancel)" >
		DruidEnrageCancel()
	</Binding>
	<Binding name="Barkskin (click again to cancel)">
		DruidBarkskinCancel()
	</Binding>
	<Binding name="Frenzied Regeneration (click again to cancel)">
		DruidFrenziedRegenCancel()
	</Binding>
	
	
	<Binding name="BearForm Special Bash or TigersFury+Ravage if cat" header="NIRKLARSBINDINGS_SPECIAL">
		DruidBearFormSpecial()
	</Binding>
	<Binding name="CatForm Special Sneak with cancel or Growl if bear">
		DruidCatFormSpecial()
	</Binding>
	<Binding name="Omen of Clarity/Enrage/TrackHumanoids -combo">
		OmenTrackCombo()
	</Binding>
	<Binding name="Druid Buff if Unbuffed - Order-MotW,Thorns,Omen">
		DruidBuffTarget()
	</Binding>
	
	
	
	<Binding name="Mouseover Decurse - Poison/Magic/Disease" header="NIRKLARSBINDINGS_ALLCLASSES">
		MouseoverDecurse()
	</Binding>
	<Binding name="Stop Casting">
		SpellStopCasting()
	</Binding>
	<Binding name="Fishing">
		CastSpellByName("Fishing")
	</Binding>
	
	
</Bindings>
