<Bindings>
	<Binding name="NIRKLARSRAIDICON0" runOnUp="true" header="NIRKLARSRAIDICON">
		NirklarsRaidIconSet(keystate,0)
	</Binding>
	<Binding name="NIRKLARSRAIDICON1" runOnUp="true">
		NirklarsRaidIconSet(keystate,1)
	</Binding>
	<Binding name="NIRKLARSRAIDICON2" runOnUp="true">
		NirklarsRaidIconSet(keystate,2)
	</Binding>
	<Binding name="NIRKLARSRAIDICON3" runOnUp="true">
		NirklarsRaidIconSet(keystate,3)
	</Binding>
	<Binding name="NIRKLARSRAIDICON4" runOnUp="true">
		NirklarsRaidIconSet(keystate,4)
	</Binding>
	<Binding name="NIRKLARSRAIDICON5" runOnUp="true">
		NirklarsRaidIconSet(keystate,5)
	</Binding>
	<Binding name="NIRKLARSRAIDICON6" runOnUp="true">
		NirklarsRaidIconSet(keystate,6)
	</Binding>
	<Binding name="NIRKLARSRAIDICON7" runOnUp="true">
		NirklarsRaidIconSet(keystate,7)
	</Binding>
	<Binding name="NIRKLARSRAIDICON8" runOnUp="true">
		NirklarsRaidIconSet(keystate,8)
	</Binding>
</Bindings>
