<Ui xmlns="http://www.blizzard.com/wow/ui/" xmlns:xsi="http://www.w3.org/2001/XMLSchema-instance"
	xsi:schemaLocation="http://www.blizzard.com/wow/ui/">
	<Frame name="AWMScrubListButton" toplevel="true" parent="AWMMainMenu" hidden="false" movable="true">
		<Scripts>
			<OnLoad>
				AWMLoadIcon(this,'misc')
			</OnLoad>
			<OnMouseDown>
				ShowUIPanel(AWMScrubListMenu)
			</OnMouseDown>
			<OnEnter>
				GameTooltip:SetOwner(this, "ANCHOR_LEFT");
				GameTooltip:SetText("Scrub List");
				GameTooltip:AddLine('Display scrubs.', 1,1,1)
				GameTooltip:AddLine('/scrub will add a new scrub, like', 1,1,1)
				GameTooltip:AddLine('/friend would add a new friend,', 1,1,1)
				GameTooltip:Show()
			</OnEnter>
			<OnLeave>
				GameTooltip:Hide();
			</OnLeave>
		</Scripts>
		<Size>
			<AbsDimension x="30" y="30" />
		</Size>
		<Anchors>
			<Anchor point="TOP">
			<Offset>
				<AbsDimension x="-35" y="-58"/>
			</Offset>
			</Anchor>
		</Anchors>
		<Layers>
			<Layer level="ARTWORK">
				<Texture file="Interface\Icons\Ability_CheapShot">
					<Size>
						<AbsDimension x="30" y="30" />
					</Size>
					<Anchors>
						<Anchor point="CENTER">
						</Anchor>
					</Anchors>
				</Texture>
			</Layer>
		</Layers>
	</Frame>				
</Ui>
