<Ui xmlns="http://www.blizzard.com/wow/ui/" xmlns:xsi="http://www.w3.org/2001/XMLSchema-instance" xsi:schemaLocation="http://www.blizzard.com/wow/ui/
C:\Projects\WoW\Bin\Interface\FrameXML\UI.xsd">

	<Script file="CustomNameplates.lua"/>
	
	<!-- 								Main Frame										-->
	<Frame name="CustomNameplates">
		<Scripts>
			<OnLoad> 
				this:RegisterEvent("PLAYER_ENTERING_WORLD");
				this:RegisterEvent("PLAYER_TARGET_CHANGED");
				this:RegisterEvent("UNIT_AURA");
			</OnLoad> 
			<OnEvent> 
				cnpHandleEvent(event);
			</OnEvent>
			<OnUpdate>
				cnpUpdate();
			</OnUpdate>
		</Scripts>
	<!-- Tags below add a visual element to the frame. -->
	</Frame>
</Ui>		