<Ui xmlns="http://www.blizzard.com/wow/ui/" xmlns:xsi="http://www.w3.org/2001/XMLSchema-instance" xsi:schemaLocation="http://www.blizzard.com/wow/ui/
C:\Projects\WoW\Bin\Interface\FrameXML\UI.xsd">
	<Script file="CT_ResetFrame.lua"/>
	<Frame name="CT_ResetButtonTemplate" virtual="true" hidden="true">
		<Size>
			<AbsDimension x="350" y="32"/>
		</Size>
		<Frames>
			<CheckButton name="$parentCheckButton" hidden="false" inherits="OptionsCheckButtonTemplate">
				<Anchors>
					<Anchor point="TOPLEFT"/>
				</Anchors>
				<HitRectInsets>
					<AbsInset left="0" right="0" top="0" bottom="0"/>
				</HitRectInsets>
				<Size>
					<AbsDimension x="32" y="32"/>
				</Size>
				<Scripts>
					<OnClick>
						CT_ResetFrame_Check();
					</OnClick>
				</Scripts>
			</CheckButton>
		</Frames>
		<Layers>
			<Layer level="ARTWORK">
				<FontString name="$parentName" inherits="ChatFontNormal" text="">
					<Anchors>
						<Anchor point="LEFT">
							<Offset>
								<AbsDimension x="35" y="2"/>
							</Offset>
						</Anchor>
					</Anchors>
				</FontString>
			</Layer>
		</Layers>
	</Frame>
	<Frame name="CT_ResetFrame" toplevel="true" frameStrata="DIALOG" movable="true" enableMouse="true" hidden="true" parent="UIParent">
		<Size>
			<AbsDimension x="400" y="450"/>
		</Size>
		<Anchors>
			<Anchor point="CENTER"/>
		</Anchors>
		<Backdrop bgFile="Interface\DialogFrame\UI-DialogBox-Background" edgeFile="Interface\DialogFrame\UI-DialogBox-Border" tile="true">
			<BackgroundInsets>
				<AbsInset left="11" right="12" top="12" bottom="11"/>
			</BackgroundInsets>
			<TileSize>
				<AbsValue val="32"/>
			</TileSize>
			<EdgeSize>
				<AbsValue val="32"/>
			</EdgeSize>
		</Backdrop>
		<Layers>
			<Layer level="ARTWORK">
				<Texture name="$parentHeaderTexture" file="Interface\DialogFrame\UI-DialogBox-Header">
					<Size>
						<AbsDimension x="256" y="64"/>
					</Size>
					<Anchors>
						<Anchor point="TOP">
							<Offset>
								<AbsDimension x="0" y="12"/>
							</Offset>
						</Anchor>
					</Anchors>
				</Texture>
				<FontString inherits="GameFontNormal" text="Reset Frames">
					<Anchors>
						<Anchor point="TOP" relativeTo="$parentHeaderTexture">
							<Offset>
								<AbsDimension x="0" y="-14"/>
							</Offset>
						</Anchor>
					</Anchors>
				</FontString>
				<FontString name="$parentCheckAll" inherits="GameFontNormal" text="Check all frames">
					<Anchors>
						<Anchor point="TOPLEFT">
							<Offset>
								<AbsDimension x="75" y="-35"/>
							</Offset>
						</Anchor>
					</Anchors>
				</FontString>
			</Layer>
		</Layers>
		<Frames>
			<Frame name="$parentDrag">
				<Size>
					<AbsDimension x="150" y="32"/>
				</Size>
				<Anchors>
					<Anchor point="TOP">
						<Offset>
							<AbsDimension x="-12" y="12"/>
						</Offset>
					</Anchor>
				</Anchors>
				<Scripts>
					<OnMouseDown>
						if ( arg1 == "LeftButton" ) then
							this:GetParent():StartMoving();
						elseif ( arg1 == "RightButton" ) then
							this:GetParent():ClearAllPoints();
							this:GetParent():SetPoint("CENTER", "UIParent", "CENTER");
						end
					</OnMouseDown>
					<OnMouseUp>
						this:GetParent():StopMovingOrSizing();
					</OnMouseUp>
					<OnEnter>
						GameTooltip:SetOwner(this, "ANCHOR_RIGHT");
						GameTooltip:SetText("Left-click to drag\nRight-click to reset");
					</OnEnter>
					<OnLeave>
						GameTooltip:Hide();
					</OnLeave>
				</Scripts>
			</Frame>
			<CheckButton name="$parentAllChecked" hidden="false" inherits="OptionsCheckButtonTemplate">
				<Anchors>
					<Anchor point="TOPLEFT">
						<Offset>
							<AbsDimension x="45" y="-25"/>
						</Offset>
					</Anchor>
				</Anchors>
				<HitRectInsets>
					<AbsInset left="0" right="0" top="0" bottom="0"/>
				</HitRectInsets>
				<Size>
					<AbsDimension x="32" y="32"/>
				</Size>
				<Scripts>
					<OnClick>
						CT_ResetFrame_CheckAll(this:GetChecked());
					</OnClick>
				</Scripts>
			</CheckButton>
			<ScrollFrame name="$parentScrollFrame" inherits="FauxScrollFrameTemplate">
				<Size>
					<AbsDimension x="344" y="325"/>
				</Size>
				<Anchors>
					<Anchor point="TOPLEFT">
						<Offset>
							<AbsDimension x="19" y="-75"/>
						</Offset>
					</Anchor>
				</Anchors>
				<Scripts>
					<OnVerticalScroll>
						FauxScrollFrame_OnVerticalScroll(32, CT_ResetFrame_Update);
					</OnVerticalScroll>
				</Scripts>
			</ScrollFrame>
			<Frame name="$parentBackdrop">
				<Size>
					<AbsDimension x="325" y="345"/>
				</Size>
				<Anchors>
					<Anchor point="TOP">
						<Offset>
							<AbsDimension x="0" y="-65"/>
						</Offset>
					</Anchor>
				</Anchors>
				<Backdrop edgeFile="Interface\Tooltips\UI-Tooltip-Border" bgFile="Interface\Tooltips\UI-Tooltip-Background" tile="true">
					<EdgeSize>
						<AbsValue val="16"/>
					</EdgeSize>
					<TileSize>
						<AbsValue val="16"/>
					</TileSize>
					<BackgroundInsets>
						<AbsInset left="5" right="5" top="5" bottom="5"/>
					</BackgroundInsets>
				</Backdrop>
				<Scripts>
					<OnLoad>
						this:SetBackdropColor(0, 0, 0, 0.35);
					</OnLoad>
				</Scripts>
				<Frames>
					<Frame name="$parentButton1" inherits="CT_ResetButtonTemplate" id="1">
						<Anchors>
							<Anchor point="TOPLEFT">
								<Offset>
									<AbsDimension x="10" y="-10"/>
								</Offset>
							</Anchor>
						</Anchors>
					</Frame>
					<Frame name="$parentButton2" inherits="CT_ResetButtonTemplate" id="2">
						<Anchors>
							<Anchor point="TOPLEFT" relativePoint="BOTTOMLEFT" relativeTo="$parentButton1">
								<Offset>
									<AbsDimension x="0" y="0"/>
								</Offset>
							</Anchor>
						</Anchors>
					</Frame>
					<Frame name="$parentButton3" inherits="CT_ResetButtonTemplate" id="3">
						<Anchors>
							<Anchor point="TOPLEFT" relativePoint="BOTTOMLEFT" relativeTo="$parentButton2">
								<Offset>
									<AbsDimension x="0" y="0"/>
								</Offset>
							</Anchor>
						</Anchors>
					</Frame>
					<Frame name="$parentButton4" inherits="CT_ResetButtonTemplate" id="4">
						<Anchors>
							<Anchor point="TOPLEFT" relativePoint="BOTTOMLEFT" relativeTo="$parentButton3">
								<Offset>
									<AbsDimension x="0" y="0"/>
								</Offset>
							</Anchor>
						</Anchors>
					</Frame>
					<Frame name="$parentButton5" inherits="CT_ResetButtonTemplate" id="5">
						<Anchors>
							<Anchor point="TOPLEFT" relativePoint="BOTTOMLEFT" relativeTo="$parentButton4">
								<Offset>
									<AbsDimension x="0" y="0"/>
								</Offset>
							</Anchor>
						</Anchors>
					</Frame>
					<Frame name="$parentButton6" inherits="CT_ResetButtonTemplate" id="6">
						<Anchors>
							<Anchor point="TOPLEFT" relativePoint="BOTTOMLEFT" relativeTo="$parentButton5">
								<Offset>
									<AbsDimension x="0" y="0"/>
								</Offset>
							</Anchor>
						</Anchors>
					</Frame>
					<Frame name="$parentButton7" inherits="CT_ResetButtonTemplate" id="7">
						<Anchors>
							<Anchor point="TOPLEFT" relativePoint="BOTTOMLEFT" relativeTo="$parentButton6">
								<Offset>
									<AbsDimension x="0" y="0"/>
								</Offset>
							</Anchor>
						</Anchors>
					</Frame>
					<Frame name="$parentButton8" inherits="CT_ResetButtonTemplate" id="8">
						<Anchors>
							<Anchor point="TOPLEFT" relativePoint="BOTTOMLEFT" relativeTo="$parentButton7">
								<Offset>
									<AbsDimension x="0" y="0"/>
								</Offset>
							</Anchor>
						</Anchors>
					</Frame>
					<Frame name="$parentButton9" inherits="CT_ResetButtonTemplate" id="9">
						<Anchors>
							<Anchor point="TOPLEFT" relativePoint="BOTTOMLEFT" relativeTo="$parentButton8">
								<Offset>
									<AbsDimension x="0" y="0"/>
								</Offset>
							</Anchor>
						</Anchors>
					</Frame>
					<Frame name="$parentButton10" inherits="CT_ResetButtonTemplate" id="10">
						<Anchors>
							<Anchor point="TOPLEFT" relativePoint="BOTTOMLEFT" relativeTo="$parentButton9">
								<Offset>
									<AbsDimension x="0" y="0"/>
								</Offset>
							</Anchor>
						</Anchors>
					</Frame>
				</Frames>
			</Frame>
			<Button name="$parentResetButton" hidden="false" inherits="GameMenuButtonTemplate" text="Reset">
				<Size>
					<AbsDimension x="100" y="25"/>
				</Size>
				<Anchors>
					<Anchor point="BOTTOMRIGHT" relativePoint="BOTTOM">
						<Offset>
							<AbsDimension x="-10" y="12"/>
						</Offset>
					</Anchor>
				</Anchors>
				<Scripts>
					<OnClick>
						CT_ResetFrame_ResetSelected();
						this:GetParent():Hide();
					</OnClick>
				</Scripts>
			</Button>
			<Button name="$parentCancelButton" hidden="false" inherits="GameMenuButtonTemplate" text="Cancel">
				<Size>
					<AbsDimension x="100" y="25"/>
				</Size>
				<Anchors>
					<Anchor point="BOTTOMLEFT" relativePoint="BOTTOM">
						<Offset>
							<AbsDimension x="10" y="12"/>
						</Offset>
					</Anchor>
				</Anchors>
				<Scripts>
					<OnClick>
						this:GetParent():Hide();
					</OnClick>
				</Scripts>
			</Button>
		</Frames>
		<Scripts>
			<OnHide>
				PlaySound("UChatScrollButton");
			</OnHide>
			<OnShow>
				CT_ResetFrame_Update();
				CT_ResetFrame_CheckAll(nil);
				PlaySound("UChatScrollButton");
			</OnShow>
		</Scripts>
	</Frame>
</Ui>