<Ui xmlns="http://www.blizzard.com/wow/ui/" xmlns:xsi="http://www.w3.org/2001/XMLSchema-instance"
	xsi:schemaLocation="http://www.blizzard.com/wow/ui/">
	<Frame name="AWMSummonButton" toplevel="true" parent="AWMMainMenu" hidden="false" movable="true">
		<Scripts>
			<OnLoad>
				AWMLoadIcon(this,'raid')
			</OnLoad>
			<OnMouseDown>
				if (arg1 == 'LeftButton') then
					ShowUIPanel(AWMSummonMenu)
				else
					SendAddonMessage('AWMSummon','REQUEST','RAID')
					GameTooltip:SetOwner(this, "ANCHOR_LEFT");
					GameTooltip:SetText("Summon Options");
					if UnitInRaid('player') then
						GameTooltip:AddLine('Left click to open summon menu.', 1,1,1)
						GameTooltip:AddLine('Your request is pending.', 1,1,1)
					else
						GameTooltip:AddLine('You must be in a raid group', 1,1,1)
						GameTooltip:AddLine('to use this feature.', 1,1,1)
					end
					GameTooltip:Show()
				end
			</OnMouseDown>
			<OnEnter>
				GameTooltip:SetOwner(this, "ANCHOR_LEFT");
				GameTooltip:SetText("Summon Options");
				if UnitInRaid('player') then
					GameTooltip:AddLine('Left click to open summon menu.', 1,1,1)
					if (AWMSummonOutput[UnitName('player')]) then
						if (AWMSummonOutput[UnitName('player')] == '\124cff00FF00') then
							GameTooltip:AddLine('Someone is summoning you.', 1,1,1)
						else
							GameTooltip:AddLine('Your request is pending.', 1,1,1)
						end
					else
						GameTooltip:AddLine('Right click to request a summon.', 1,1,1)
					end
				else
					GameTooltip:AddLine('You must be in a raid group', 1,1,1)
					GameTooltip:AddLine('to use this feature.', 1,1,1)
				end
				GameTooltip:Show()
			</OnEnter>
			<OnLeave>
				GameTooltip:Hide();
			</OnLeave>
		</Scripts>
		<Size>
			<AbsDimension x="30" y="30" />
		</Size>
		<Anchors>
			<Anchor point="TOP">
			<Offset>
				<AbsDimension x="-35" y="-58"/>
			</Offset>
			</Anchor>
		</Anchors>
		<Layers>
			<Layer level="ARTWORK">
				<Texture file="Interface\Icons\Spell_Shadow_Twilight">
					<Size>
						<AbsDimension x="30" y="30" />
					</Size>
					<Anchors>
						<Anchor point="CENTER">
						</Anchor>
					</Anchors>
				</Texture>
			</Layer>
		</Layers>
	</Frame>				
</Ui>
