<Ui xmlns="http://www.blizzard.com/wow/ui/" xmlns:xsi="http://www.w3.org/2001/XMLSchema-instance"
	xsi:schemaLocation="http://www.blizzard.com/wow/ui/">
	<Frame name="AWMMainMenu" toplevel="true" parent="UIParent" hidden="true" movable="true">
		<Anchors>
			<Anchor point="CENTER"></Anchor>
		</Anchors>
		<Size>
			<AbsDimension x="300" y="400" />
		</Size>
		<Backdrop bgFile="Interface\AddOns\AnaronsWoWMod\Default\MainMenu\MainMenu" edgeFile="Interface\Tooltips\UI-Tooltip-Border">
			<EdgeSize>
				<AbsValue val="25" />
			</EdgeSize>
			<BackgroundInsets>
				<AbsInset left="5" right="5" top="5" bottom="5" />
			</BackgroundInsets>
		</Backdrop>
		<Scripts>
			<OnMouseDown>
				this:StartMoving()
			</OnMouseDown>
			<OnMouseUp>
				this:StopMovingOrSizing()
			</OnMouseUp>
			<OnHide>
				this:Hide()
			</OnHide>
		</Scripts>
		<Frames>
			<Button name="$parent_CloseButton" inherits="UIPanelCloseButton">
				<Anchors>
					<Anchor point="TOPRIGHT">
					<Offset>
						<AbsDimension x="-3" y="-3"/>
					</Offset>
					</Anchor>
				</Anchors>
			</Button>
		</Frames>
	</Frame>
</Ui>
